Song,Artist,Album
Interstellar Delivery,LostiFi,Interstellar Delivery - Single
Arrival,Lemeria,Arrival - Single
Okay,Downtown Owl,Okay - Single
With You,Zmeyev,With You - Single
Midnight Sky,Otis Ubaka,Midnight Sky - Single
Pebbles,HoKø   Lucie Cravero,Pebbles - Single
Flowers Rain,Zmeyev   Screen Jazzmaster,Flowers Rain - Single
I Got U a Star,Enluv   squeeda,I Got U a Star - Single
Fast Lane,LOKY   Metic,Fast Lane - Single
Awakening,"Viktor Minsky, Zmeyev   Screen Jazzmaster",Awakening - Single
Sleepy,Ours Samplus,Sleepy - Single
The Lighthouse,Guidolain beats   brass.beats,The Lighthouse - Single
Warm Nights,Sineg,Warm Nights - Single
Moving On,Lenny B   Fred Paci,Moving On - Single
Night City,Kind Puppy,Night City - Single
It Couldn't Be,Jav Cast   Tatorita Sax,Lazy Summer 2022
Soviet Jazz,RejSende,Soviet Jazz - Single
Wake up Moon,Bogomolove,Lazy Summer 2022
Free,nitsche   Sleeping Dove,Lazy Summer 2022
Cradle in Room,softy,Lazy Summer 2022
Worth It,Dosi,Worth It - Single
Evening Rest,Kind Puppy,Evening Rest - Single
Beach Breeze,"Mr. Jello, Lenny B   Fred Paci",Lazy Summer 2022
Seville Boulevard,Shierro   Ale Fillman,Lazy Summer 2022
Summer Melange,Mister Decaf,Summer Melange - Single
Only Good Vibes,Mujo,Lazy Summer 2022
Nectar,Fred Paci   77th Man,Nectar - Single
Mellow Vibes,Zmeyev,Urban Melancholy
Back to Home,Zmeyev,Urban Melancholy
Blossom,Zmeyev,Urban Melancholy
Free Wandering,Zmeyev,Urban Melancholy
Quiet Corner,softy,Quiet Corner - Single
Hip Hop Weekdays,Chill Beats Music   Zmeyev,Jazzhop to Chill To
Last Time,Dosi,Last Time - Single
Crystallized,Thyme Traveler   Farnell Newton,Crystallized - Single
Crystal Jazz,Zmeyev,Crystal Jazz - Single
Freeze in Time,"Worldtraveller, Otaam   Adrian Planitz",Freeze in Time - Single
Just Chillin',Downtown Owl,Just Chillin' - Single
Skipping Stones,"yani, LE MAZ   Fred Paci",Skipping Stones - Single
Inner Warmth,Karmawin   Whilst,Inner Warmth - Single
Happy Monday,"Goslow, Boom Mbappe   VOLKHIN",Autumn Woodlands 2022
Peppermint Tea,CMJ,Autumn Woodlands 2022
Galactic Strings,LostiFi,Galactic Strings - Single
Smoking in Cuba ,"after noon, 9ICK   Hoffy Beats",Autumn Woodlands 2022
Late at Night,Sátyr   cløse2u,Autumn Woodlands 2022
Moonlight,Ensidya,Moonlight - Single
Easy,Downtown Owl   Chill Beats Music,Easy - Single
Insomnia,D0d.,Insomnia - Single
Kanari,Thomas Prime   Moderator,Kanari - Single
Evening,Downtown Owl   Chill Beats Music,Evening - Single
Bottom of the Sea,Jav Cast   brass.beats,Bottom of the Sea - Single
My Funtasy,Yestalgia   Bad Room Producer,My Funtasy - Single
Cold Brew Coffee,Yestalgia   Bad Room Producer,My Funtasy - Single
Night in the Neighborhood,m.sorlii   Calminski,Autumn Woodlands 2022
Midnight Fireflies,The Floating Whale,Autumn Woodlands 2022
Happy,Lemeria   RejSende,Happy - Single
Will You Fly with Me,Chill Beats Music   Downtown Owl,Will You Fly with Me - Single
Moonlight Vibes,Zmeyev,Moonlight Vibes - Single
Longing for Rain,RejSende,Autumn Woodlands 2022
Daydream,Lemeria,Daydream - Single
Pointe Rouge,Socrab   Inownlove,Autumn Woodlands 2022
Cotton Candy,m.sorlii   brass.beats,Cotton Candy - Single
Evening Sunset,breakfast oats.   Justin S Kinchen,Evening Sunset - Single
Chilled Moments,Downtown Owl,Chilled Moments - Single
Little Waves,Moderator   Thomas Prime,Little Waves - Single
Vivid Nights,Pixie Dust   Lenny B,Vivid Nights - Single
Loving Life,Otis Ubaka,Loving Life - Single
Passport,"Foxy Fox, Hoffy Beats   Guy Rickard",Passport - Single
Windfall,Kirikoukiri   C4C,Worthy - EP
Jazzhop Wonderland,Phlocalyst   serifONE,Jazzhop Wonderland - Single
Elixir,Matchbox Youth   Juliàn,Elixir - Single
Snowline,softy,Snowline - Single
Bike Ride,"Guidolain beats, Rivizion   Ben Jammin' Beats",Bike Ride - Single
Long Road,Kind Puppy   RejSende,Long Road - Single
Lazy Morning,brass.beats   m.sorlii,Lazy Morning - Single
Night Walk,brass.beats   m.sorlii,Lazy Morning - Single
Wake Me Up,brass.beats   m.sorlii,Lazy Morning - Single
Coral,softy,Coral - Single
Paris,"Pixie Dust, Lenny B   Second Harbor",Paris - Single
Desert World,LostiFi,Desert World - Single
Taming Moon,Moderator   Etherealplcs,Taming Moon - Single
Birdhouse View,Shierro,Mellow Dreams 3
Chill Café,RejSende,Chill Café - Single
Sweet Dreams,Maltex,Sweet Dreams - Single
Happy Days,"Goslow, VOLKHIN   Boom Mbappe",Happy Days - Single
Rain,breakfast oats.   Justin S Kinchen,Rain - Single
Jumps,Pixie Dust   Drxnk,Jumps - Single
When I Meet You,RejSende,When I Meet You - Single
In the Morning,Coldgray,In the Morning - Single
Nostalgia,Coldgray,Nostalgia - Single
Daydream at Night,Kid Kio   Fred Paci,Daydream at Night - Single
Blue Skies,Aoko   brass.beats,Blue Skies - Single
Lockdown Cafe,Oaty.,Mellow Dreams 3
Manhattan Jazz,RejSende,Manhattan Jazz - Single
One 4 Nanda,Phlocalyst   Sátyr,One 4 Nanda - Single
